t_s,x_mV
0.0,1.191922303104192e-14
5e-06,-5.159540932284927
1e-05,-10.23300158461373
1.5000000000000002e-05,-15.206959361393556
2e-05,-20.06846350450639
2.5e-05,-24.805065876449486
3.0000000000000004e-05,-29.40484987107558
3.5000000000000004e-05,-33.85645739451922
4e-05,-38.14911386524811
4.5e-05,-42.27265118858544
5e-05,-46.217528667501135
5.5e-05,-49.97485181793833
6.000000000000001e-05,-53.53638906341617
6.500000000000001e-05,-56.894586290103994
7.000000000000001e-05,-60.0425792499852
7.500000000000001e-05,-62.97420380609506
8e-05,-65.6840040201164
8.5e-05,-68.16723808882482
9e-05,-70.4198821419823
9.5e-05,-72.43863192026187
0.0001,-74.22090235763426
0.000105,-75.76482509834688
0.00011,-77.06924398415532
0.000115,-78.13370855282251
0.00012000000000000002,-78.95846559406093
0.000125,-79.54444881405013
0.00013000000000000002,-79.89326666440346
0.000135,-80.0071883959724
0.00014000000000000001,-79.88912840215563
0.000145,-79.54262892041304
0.00015000000000000001,-78.97184116446539
0.000155,-78.18150496317841
0.00016,-77.17692698538194
0.00016500000000000003,-75.96395763285325
0.00017,-74.54896668639351
0.00017500000000000003,-72.93881779234577
0.00018,-71.14084187903575
0.00018500000000000002,-69.1628095944631
0.00019,-67.01290285813005
0.00019500000000000002,-64.6996856211613
0.0002,-62.232073929851204
0.00020500000000000002,-59.61930538846592
0.00021,-56.870908117536075
0.00021500000000000002,-53.99666930399944
0.00022,-51.00660343939935
0.00022500000000000002,-47.91092034191324
0.00023,-44.719993057288555
0.00023500000000000002,-41.44432573279705
0.00024000000000000003,-38.09452155709903
0.00024500000000000005,-34.681250857436154
0.00025,-31.215219443856324
0.000255,-27.707137288224864
0.00026000000000000003,-24.167687623600724
0.00026500000000000004,-20.60749654716438
0.00027,-17.037103207285213
0.000275,-13.46693065252249
0.00028000000000000003,-9.907257417373168
0.00028500000000000004,-6.3681899164254645
0.00029,-2.8596357152601612
0.000295,0.6087222570276576
0.00030000000000000003,4.027450492418457
0.00030500000000000004,7.387388628139682
0.00031,10.6796720567327
0.000315,13.895753372281156
0.00032,17.027422607104022
0.00032500000000000004,20.066826217330867
0.00033000000000000005,23.00648477995376
0.000335,25.839309368177766
0.00034,28.558616576155437
0.00034500000000000004,31.158142168480225
0.00035000000000000005,33.632053334114126
0.000355,35.97495952872371
0.00036,38.18192189368578
0.00036500000000000004,40.24846124428502
0.00037000000000000005,42.17056462384868
0.000375,43.944690424739825
0.00038,45.5677720812438
0.00038500000000000003,47.037220343426185
0.00039000000000000005,48.350924145002324
0.000395,49.50725008212694
0.0004,50.50504052377944
0.00040500000000000003,51.34361037807604
0.00041000000000000005,52.02274254237473
0.00041500000000000006,52.54268206844472
0.00042,52.904129077241
0.00042500000000000003,53.108230460948725
0.00043000000000000004,53.15657041293451
0.00043500000000000006,53.051159829056594
0.00044,52.79442462643621
0.00044500000000000003,52.389193028273354
0.00045000000000000004,51.83868186559778
0.00045500000000000006,51.14648194897386
0.00046,50.316542565125424
0.000465,49.35315515520703
0.00047000000000000004,48.2609362330227
0.00047500000000000005,47.044809602876626
0.00048000000000000007,45.70998793793378
0.000485,44.26195378096942
0.0004900000000000001,42.70644003019577
0.000495,41.04940997347246
0.0005,39.29703693463189
0.000505,37.45568359589138
0.00051,35.53188106037034
0.000515,33.53230771859729
0.0005200000000000001,31.463767982574954
0.0005250000000000001,29.333170950471946
0.0005300000000000001,27.147509064344796
0.000535,24.913836822445273
0.00054,22.63924960666871
0.000545,20.33086268452513
0.00055,17.995790443696343
0.000555,15.64112591577107
0.0005600000000000001,13.273920644131953
0.0005650000000000001,10.901164949225665
0.0005700000000000001,8.52976864255916
0.0005750000000000001,6.166542238773662
0.00058,3.818178713022774
0.000585,1.4912358486673878
0.00059,-0.8078807820267122
0.000595,-3.072934163914813
0.0006000000000000001,-5.2978714739386055
0.0006050000000000001,-7.47683896982452
0.0006100000000000001,-9.6041960999343
0.0006150000000000001,-11.674528804389341
0.00062,-13.682661980322337
0.000625,-15.623671086900814
0.00063,-17.492892868572667
0.000635,-19.28593517782572
0.00064,-20.998685881604555
0.0006450000000000001,-22.627320838381312
0.0006500000000000001,-24.168310935740084
0.0006550000000000001,-25.61842818117228
0.0006600000000000001,-26.97475084161549
0.000665,-28.2346676300623
0.00067,-29.395880940338838
0.000675,-30.45640913387521
0.00068,-31.414587884967933
0.0006850000000000001,-32.26907059365836
0.0006900000000000001,-33.01882787790623
0.0006950000000000001,-33.66314615923243
0.0007000000000000001,-34.20162535841571
0.000705,-34.6341757201656
0.00071,-34.961013787938725
0.000715,-35.182657552221684
0.00072,-35.29992079766285
0.0007250000000000001,-35.313906676390495
0.0007300000000000001,-35.226000536707616
0.0007350000000000001,-35.037862038093884
0.0007400000000000001,-34.75141658507448
0.0007450000000000001,-34.36884611402703
0.00075,-33.892579268391415
0.000755,-33.325280999018744
0.00076,-32.66984162754429
0.0007650000000000001,-31.92936541169277
0.0007700000000000001,-31.107158652321232
0.0007750000000000001,-30.20671738277559
0.0007800000000000001,-29.231714681779238
0.0007850000000000001,-28.185987651587507
0.00079,-27.07352410352973
0.000795,-25.89844899332148
0.0008,-24.665010648666136
0.000805,-23.377566831674702
0.0008100000000000001,-22.040570678522748
0.0008150000000000001,-20.658556558530744
0.0008200000000000001,-19.236125894503836
0.0008250000000000001,-17.777932985701117
0.0008300000000000001,-16.28867087422607
0.000835,-14.773057294941502
0.00084,-13.235820748217954
0.000845,-11.68168673392921
0.0008500000000000001,-10.115364184112272
0.0008550000000000001,-8.541532130622087
0.0008600000000000001,-6.964826642932182
0.0008650000000000001,-5.389828069969468
0.0008700000000000001,-3.8210486185280086
0.000875,-2.262920299388106
0.00088,-0.7197832707781073
0.000885,0.8041253927360437
0.0008900000000000001,2.304682479463072
0.0008950000000000001,3.7778889430950606
0.0009000000000000001,5.219879705423465
0.0009050000000000001,6.626932937931076
0.0009100000000000001,7.99547880272378
0.0009150000000000001,9.322107635092708
0.00092,10.603577551849769
0.000925,11.836821471452478
0.00093,13.01895353382003
0.0009350000000000001,14.147274909639922
0.0009400000000000001,15.219278990861921
0.0009450000000000001,16.23265595597373
0.0009500000000000001,17.185296705541376
0.0009550000000000001,18.075296165373338
0.0009600000000000001,18.90095595652514
0.000965,19.66078643319479
0.00097,20.35350809136631
0.0009750000000000001,20.978052352830453
0.0009800000000000002,21.533561730946943
0.000985,22.019389386205315
0.00099,22.435098081287414
0.000995,22.780458546929854
0.001,23.055447271425955
0.001005,23.260243728088923
0.00101,23.39522705641919
0.001015,23.46097221407456
0.00102,23.45824561802988
0.001025,23.38800029453045
0.00103,23.25137055858675
0.0010350000000000001,23.049666244827336
0.0010400000000000001,22.784366512516854
0.0010450000000000001,22.457113248458242
0.0010500000000000002,22.069704092328386
0.0010550000000000002,21.624085109745256
0.0010600000000000002,21.1223431390296
0.0010650000000000002,20.566697838205723
0.00107,19.959493459282776
0.001075,19.3031903772698
0.00108,18.60035640170572
0.001085,17.853657898727583
0.00109,17.065850751859653
0.001095,16.23977118978146
0.0011,15.37832650932536
0.001105,14.484485721866495
0.00111,13.56127015109966
0.001115,12.611744009951087
0.0011200000000000001,11.639004984050397
0.0011250000000000001,10.646174848790356
0.0011300000000000001,9.636390146532294
0.0011350000000000002,8.612792949975299
0.0011400000000000002,7.578521737099916
0.0011450000000000002,6.536702402425056
0.0011500000000000002,5.490439428582775
0.001155,4.442807241422512
0.00116,3.396841771007095
0.001165,2.3555322399624976
0.00117,1.3218131996900242
0.001175,0.2985568339550291
0.00118,-0.7114344516744988
0.001185,-1.7054351371438976
0.00119,-2.680803375700259
0.001195,-3.634987447016175
0.0012000000000000001,-4.565531861684397
0.0012050000000000001,-5.470083104315779
0.0012100000000000001,-6.3463950036898265
0.0012150000000000002,-7.192333719640952
0.0012200000000000002,-8.005882337608789
0.0012250000000000002,-8.785145063037586
0.0012300000000000002,-9.528351009068492
0.0012350000000000002,-10.233857572230747
0.00124,-10.90015339209757
0.001245,-11.525860892127067
0.00125,-12.109738400150327
0.001255,-12.650681848204522
0.00126,-13.147726052621229
0.001265,-13.600045576477703
0.00127,-14.006955177692552
0.001275,-14.367909847195191
0.00128,-14.68250444271754
0.0012850000000000001,-14.950472924844439
0.0012900000000000001,-15.171687203013388
0.0012950000000000001,-15.346155600171242
0.0013000000000000002,-15.47402094577328
0.0013050000000000002,-15.555558307746825
0.0013100000000000002,-15.591172374934759
0.0013150000000000002,-15.581394502382002
0.0013200000000000002,-15.526879432627862
0.001325,-15.428401706919091
0.00133,-15.286851780958967
0.001335,-15.103231860457138
0.00134,-14.878651472340978
0.001345,-14.614322788031687
0.00135,-14.311555715675809
0.001355,-13.971752778655254
0.00136,-13.596403798075078
0.0013650000000000001,-13.187080397248563
0.0013700000000000001,-12.745430346462912
0.0013750000000000001,-12.273171766516866
0.0013800000000000002,-11.7720872096723
0.0013850000000000002,-11.24401763675838
0.0013900000000000002,-10.690856309206469
0.0013950000000000002,-10.114542614780284
0.0014000000000000002,-9.517055845697701
0.0014050000000000002,-8.900408947719415
0.00141,-8.266642258606735
0.001415,-7.617817254127808
0.00142,-6.956010319518807
0.001425,-6.283306563985652
0.00143,-5.601793695465864
0.001435,-4.91355597245815
0.00144,-4.220668249273902
0.001445,-3.5251901305700972
0.0014500000000000001,-2.829160250488766
0.0014550000000000001,-2.1345906911586545
0.0014600000000000001,-1.4434615547088117
0.0014650000000000002,-0.7577157023071084
0.0014700000000000002,-0.07925367306905501
0.0014750000000000002,0.5900712050133202
0.0014800000000000002,1.2484575006935321
0.0014850000000000002,1.894160150957909
0.0014900000000000002,2.5254947084565513
0.001495,3.1408413557389654
0.0015,3.7386486779533707
0.001505,4.317437186478212
0.00151,4.875802586776821
0.001515,5.412418784595349
0.00152,5.926040625457494
0.001525,6.415506363249322
0.0015300000000000001,6.879739854523484
0.0015350000000000001,7.31775247599082
0.0015400000000000001,7.7286447634971704
0.0015450000000000001,8.111607771611114
0.0015500000000000002,8.465924153762737
0.0015550000000000002,8.790968963681285
0.0015600000000000002,9.086210179670067
0.0015650000000000002,9.35120895403496
0.0015700000000000002,9.585619590742382
0.0015750000000000002,9.789189255122045
0.00158,9.961757420149791
0.001585,10.10325505454105
0.00159,10.213703558557185
0.001595,10.293213454072115
0.0016,10.341982836063474
0.001605,10.3602955932815
0.00161,10.348519406405584
0.0016150000000000001,10.307103532525547
0.0016200000000000001,10.236576385277123
0.0016250000000000001,10.13754292042156
0.0016300000000000002,10.010681837083979
0.0016350000000000002,9.856742605255203
0.0016400000000000002,9.676542330515542
0.0016450000000000002,9.47096246725687
0.0016500000000000002,9.24094539195942
0.0016550000000000002,8.987490848323931
0.0016600000000000002,8.711652276265157
0.001665,8.414533036942224
0.00167,8.097282546131977
0.001675,7.761092328346117
0.00168,7.407192004149678
0.001685,7.0368452231586485
0.00169,6.651345555179311
0.0016950000000000001,6.25201235189986
0.0017000000000000001,5.84018659145832
0.0017050000000000001,5.4172267180906895
0.0017100000000000001,4.9845044889077705
0.0017150000000000002,4.543400839663715
0.0017200000000000002,4.095301781159302
0.0017250000000000002,3.6415943376757083
0.0017300000000000002,3.1836625385544037
0.0017350000000000002,2.722883473734141
0.0017400000000000002,2.2606234237207707
0.0017450000000000002,1.7982340741084297
0.00175,1.3370488243857526
0.001755,0.8783792003564315
0.00176,0.42351137907509134
0.001765,-0.026297165246647793
0.00177,-0.4698208863749597
0.001775,-0.9058692547209015
0.0017800000000000001,-1.3332897025295736
0.0017850000000000001,-1.750970419089251
0.0017900000000000001,-2.157842989981906
0.0017950000000000002,-2.5528848749263835
0.0018000000000000002,-2.9351217193073444
0.0018050000000000002,-3.3036294950279808
0.0018100000000000002,-3.6575364668780423
0.0018150000000000002,-3.9960249811620083
0.0018200000000000002,-4.318333073890734
0.0018250000000000002,-4.623755896395155
0.0018300000000000002,-4.911646956777496
0.001835,-5.1814191761662345
0.00184,-5.432545759290129
0.001845,-5.66456087942641
0.00185,-5.877060178313894
0.001855,-6.069701082144695
0.00186,-6.242202935263993
0.0018650000000000001,-6.394346953708635
0.0018700000000000001,-6.525976001205765
0.0018750000000000001,-6.636994190726842
0.0018800000000000002,-6.727366315152986
0.0018850000000000002,-6.797117111049748
0.0018900000000000002,-6.846330359975599
0.0018950000000000002,-6.8751478321546635
0.0019000000000000002,-6.883768077731918
0.0019050000000000002,-6.872445071195673
0.0019100000000000002,-6.8414867148981955
0.0019150000000000003,-6.791253207928975
0.0019200000000000003,-6.722155286896821
0.001925,-6.634652345455142
0.00193,-6.529250439659742
0.001935,-6.4065001864794295
0.00194,-6.266994562986194
0.0019450000000000001,-6.111366613934116
0.0019500000000000001,-5.940287075593326
0.001955,-5.754461923838137
0.0019600000000000004,-5.55462985459593
0.001965,-5.341559704846678
0.00197,-5.11604782242053
0.001975,-4.878915392875193
0.00198,-4.6310057317436355
0.0019850000000000002,-4.373181550427887
0.00199,-4.106322203977018
0.0019950000000000002,-3.831320928924776
0.002,-3.5490820792793274
0.0020050000000000003,-3.260518368649988
0.00201,-2.9665481263690623
0.0020150000000000003,-2.668092575317015
0.00202,-2.3660731389914464
0.0020250000000000003,-2.0614087851708254
0.00203,-1.7550134133183397
0.0020350000000000004,-1.4477932926453374
0.00204,-1.140644557513726
0.0020450000000000004,-0.8344507665979372
0.00205,-0.5300805319566659
0.002055,-0.22838522387585936
0.00206,0.06980324295177176
0.002065,0.3636745366590013
0.0020700000000000002,0.652441943916986
0.002075,0.9353443095292254
0.0020800000000000003,1.2116478756482207
0.002085,1.480648016703143
0.0020900000000000003,1.7416708664823508
0.002095,1.9940748341730918
0.0021000000000000003,2.2372520065258055
0.002105,2.4706294336763484
0.0021100000000000003,2.693670296529678
0.002115,2.9058749539774924
0.0021200000000000004,3.1067818685932083
0.002125,3.2959684098154716
0.0021300000000000004,3.473051533998678
0.002135,3.6376883410713625
0.00214,3.789576507903043
0.002145,3.9284545988330675
0.00215,4.054102254162958
0.0021550000000000002,4.166340257754078
0.00216,4.265030485204545
0.0021650000000000003,4.35007573440334
0.00217,4.42141944057302
0.0021750000000000003,4.4790452782164
0.00218,4.522976652674414
0.0021850000000000003,4.553276084283558
0.00219,4.5700444883885725
0.0021950000000000003,4.573420354721826
0.0022,4.56357882990146
0.0022050000000000004,4.540730707028141
0.00221,4.505121326572503
0.0022150000000000004,4.457029392943129
0.00222,4.396765711307162
0.002225,4.324671849402045
0.00223,4.241118729227699
0.002235,4.146505153642723
0.0022400000000000002,4.041256273006346
0.002245,3.925821997109715
0.0022500000000000003,3.8006753577249293
0.002255,3.666310827169397
0.0022600000000000003,3.523242598334628
0.002265,3.372002831665015
0.0022700000000000003,3.213139874590948
0.002275,3.0472164589245736
0.0022800000000000003,2.874807881713341
0.002285,2.6965001750188775
0.0022900000000000004,2.5128882700444954
0.002295,2.3245741609767627
0.0023000000000000004,2.1321650738325575
0.002305,1.936271645516379
0.00231,1.7375061181906417
0.0023150000000000002,1.5364805539477528
0.00232,1.3338050746453785
0.0023250000000000002,1.1300861316258985
0.00233,0.9259248098915485
0.0023350000000000003,0.7219151711421543
0.00234,0.5186426399119795
0.0023450000000000003,0.31668243685746933
0.00235,0.11659806305765512
0.0023550000000000003,-0.08106016101248432
0.00236,-0.27575649838241073
0.0023650000000000003,-0.4669711371228032
0.00237,-0.6542014675019296
0.0023750000000000004,-0.836963291972692
0.00238,-1.0147919654325548
0.0023850000000000004,-1.1872434634354623
0.00239,-1.3538953762736101
0.002395,-1.5143478270899042
0.0024000000000000002,-1.6682243124254499
0.002405,-1.8151724638522369
0.0024100000000000002,-1.9548647295870518
0.002415,-2.0869989752279823
0.0024200000000000003,-2.2112990030002013
0.002425,-2.327514989140273
0.0024300000000000003,-2.4354238392896455
0.002435,-2.534829462005399
0.0024400000000000003,-2.625562960731095
0.002445,-2.7074827448002283
0.0024500000000000004,-2.780474560270486
0.002455,-2.8444514416064486
0.0024600000000000004,-2.899353585442671
0.002465,-2.9451481478661035
0.0024700000000000004,-2.981828966857546
0.002475,-3.0094162117243672
0.00248,-3.027955961542101
0.0024850000000000002,-3.0375197147986737
0.00249,-3.0382038326032395
0.0024950000000000003,-3.0301289179801114
0.0025,-3.0134391339175934
0.0025050000000000003,-2.988301462981077
0.00251,-2.954904911429238
0.0025150000000000003,-2.913459660891424
0.00252,-2.864196170773177
0.0025250000000000003,-2.8073642346549
0.00253,-2.743231994036279
0.0025350000000000004,-2.6720849128554107
0.00254,-2.594224716277457
0.0025450000000000004,-2.5099682973020427
0.00255,-2.41964659478259
0.0025550000000000004,-2.323603446483188
0.00256,-2.2221944208207884
0.002565,-2.1157856309511764
0.0025700000000000002,-2.004752534857857
0.002575,-1.889478725092603
0.0025800000000000003,-1.7703547117957676
0.002585,-1.647776702594071
0.0025900000000000003,-1.5221453829324363
0.002595,-1.3938647003466105
0.0026000000000000003,-1.2633406561229743
0.002605,-1.1309801077238637
0.0026100000000000003,-0.9971895852780198
0.002615,-0.8623741253511082
0.0026200000000000004,-0.7269361251155355
0.002625,-0.5912742199385762
0.0026300000000000004,-0.4557821872972864
0.002635,-0.320847879813831
0.0026400000000000004,-0.18685219008161166
0.002645,-0.054168049824805074
0.00265,0.07684053420062181
0.0026550000000000002,0.20581940529490497
0.00266,0.3324251407659581
0.0026650000000000003,0.4563258927666001
0.00267,0.5772021841909794
0.0026750000000000003,0.6947476579587406
0.00268,0.8086697781722734
0.0026850000000000003,0.9186904817923994
0.00269,1.0245467796385581
0.0026950000000000003,1.125991305682452
0.0027,1.2227928137667845
0.0027050000000000004,1.3147366210445748
0.00271,1.401624997597219
0.0027150000000000004,1.4832775018524949
0.00272,1.5595312615844228
0.0027250000000000004,1.6302412004371274
0.0027300000000000002,1.6952802100722453
0.002735,1.7545392681947325
0.0027400000000000002,1.8079275028642767
0.002745,1.8553722036485105
0.0027500000000000003,1.8968187803198593
0.002755,1.932230669938784
0.0027600000000000003,1.96158919330381
0.002765,1.9848933618803886
0.0027700000000000003,2.002159636448397
0.002775,2.0134216388296733
0.0027800000000000004,2.018729818173512
0.002785,2.018151073388436
0.0027900000000000004,2.011768333412912
0.002795,1.9996800971157978
0.0028000000000000004,1.9819999347087547
0.002805,1.9588559526378204
0.0028100000000000004,1.9303902239992572
0.0028150000000000002,1.8967581865959404
0.00282,1.8581280108144407
0.0028250000000000003,1.8146799395598454
0.00283,1.7666056025349088
0.0028350000000000003,1.7141073071924424
0.00284,1.6573973087249567
0.0028450000000000003,1.5966970614831237
0.00285,1.5322364542354037
0.0028550000000000003,1.4642530316940237
0.00286,1.392991204738964
0.0028650000000000004,1.3187014517702802
0.00287,1.241639513611276
0.0028750000000000004,1.1620655843700727
0.00288,1.0802435006456608
0.0028850000000000004,0.9964399314359997
0.00289,0.9109235710719338
0.0028950000000000004,0.8239643374586328
0.0029000000000000002,0.7358325778611053
0.002905,0.6467982844161063
0.0029100000000000003,0.5571303214959041
0.002915,0.46709566698514493
0.0029200000000000003,0.37695866946383216
0.002925,0.2869803232160723
0.0029300000000000003,0.19741756290636206
0.002935,0.10852257968324351
0.0029400000000000003,0.02054216038387566
0.002945,-0.06628294857605874
0.0029500000000000004,-0.15171865113630695
0.002955,-0.23553808395436937
0.0029600000000000004,-0.31752216989985155
0.002965,-0.39746014148528186
0.0029700000000000004,-0.47515003314100407
0.002975,-0.550399141346474
0.0029800000000000004,-0.6230244517367177
0.0029850000000000002,-0.6928530324095507
0.00299,-0.7597223927677554
0.0029950000000000003,-0.8234808073382894
0.003,-0.8839876041195889
0.0030050000000000003,-0.9411134171161462
0.00301,-0.9947404028274813
0.0030150000000000003,-1.044762420565596
0.00302,-1.0910851765809466
0.0030250000000000003,-1.1336263320814584
0.00303,-1.172315575331847
0.0030350000000000004,-1.207094658121624
0.00304,-1.2379173969883708
0.0030450000000000004,-1.2647496396794469
0.00305,-1.287569197428503
0.0030550000000000004,-1.3063657437137157
0.0030600000000000002,-1.321140680252004
0.0030650000000000004,-1.3319069710673974
0.0030700000000000002,-1.3386889455521098
0.003075,-1.3415220715155514
0.0030800000000000003,-1.3404526992890626
0.003085,-1.335537778022894
0.0030900000000000003,-1.3268445453763402
0.003095,-1.3144501918619023
0.0031000000000000003,-1.2984415011600134
0.003105,-1.2789144677718707
0.0031100000000000004,-1.2559738934242957
0.003115,-1.2297329636822247
0.0031200000000000004,-1.200312806261317
0.003125,-1.1678420325653485
0.0031300000000000004,-1.132456264000134
0.003135,-1.0942976446384305
0.0031400000000000004,-1.0535143418275477
0.0031450000000000002,-1.0102600363443621
0.0031500000000000005,-0.9646934037102601
0.0031550000000000003,-0.916977588281797
0.00316,-0.8672796717313297
0.0031650000000000003,-0.8157701375257472
0.00317,-0.7626223330008479
0.0031750000000000003,-0.7080119306135022
0.00318,-0.652116389934731
0.0031850000000000003,-0.5951144219226494
0.00319,-0.5371854569867147
0.0031950000000000004,-0.4785091183228175
0.0032,-0.4192647019631816
0.0032050000000000004,-0.3596306649457468
0.00321,-0.29978412296504564
0.0032150000000000004,-0.23990035882015864
0.00322,-0.18015234292660692
0.0032250000000000004,-0.12071026710628298
0.0032300000000000002,-0.061741092814843
0.0032350000000000005,-0.003408114908289258
0.0032400000000000003,0.054129458009465926
0.003245,0.11071690567839937
0.0032500000000000003,0.1662043797979764
0.003255,0.22044726831683678
0.0032600000000000003,0.2733065396142493
0.003265,0.32464906585963127
0.0032700000000000003,0.37434792490653596
0.003275,0.42228268014772596
0.0032800000000000004,0.46833963782981636
0.003285,0.5124120813975291
0.0032900000000000004,0.5544004825097624
0.003295,0.5942126884418113
0.0033000000000000004,0.63176408566001
0.003305,0.6669777394265802
0.0033100000000000004,0.6997845093636738
0.0033150000000000002,0.7301231409754508
0.0033200000000000005,0.7579403331966441
0.0033250000000000003,0.7831907821039549
0.00333,0.8058372009934469
0.0033350000000000003,0.8258503170923541
0.00334,0.8432088452373205
0.0033450000000000003,0.8578994389128125
0.00335,0.8699166191032118
0.0033550000000000003,0.8792626814698081
0.00336,0.8859475824191048
0.0033650000000000004,0.8899888046820024
0.00337,0.8914112030737834
0.0033750000000000004,0.8902468311526511
0.00338,0.8865347495397145
0.0033850000000000004,0.8803208167055627
0.0033900000000000002,0.8716574630679704
0.0033950000000000004,0.8606034492816472
0.0034000000000000002,0.8472236096343804
0.0034050000000000005,0.8315885814940782
0.0034100000000000003,0.8137745217784774
0.003415,0.7938628114431434
0.0034200000000000003,0.7719397490041997
0.003425,0.7480962341297628
0.0034300000000000003,0.7224274423483739
0.003435,0.6950324919338526
0.0034400000000000003,0.6660141040338744
0.003445,0.6354782571143635
0.0034500000000000004,0.6035338367932049
0.003455,0.5702922821354969
0.0034600000000000004,0.53586722947769
0.003465,0.5003741548405143
0.0034700000000000004,0.46393001597995626
0.0034750000000000002,0.4266528951121327
0.0034800000000000005,0.38866164333163755
0.0034850000000000003,0.3500755277240816
0.0034900000000000005,0.31101388215174686
0.0034950000000000003,0.2715957626675317
0.0035,0.2319396084855147
0.0035050000000000003,0.19216290940784897
0.00351,0.15238188057661584
0.0035150000000000003,0.11271114538619201
0.00352,0.07326342735665359
0.0035250000000000004,0.034149251731877474
0.00353,-0.004523342472542335
0.0035350000000000004,-0.04264907928656167
0.00354,-0.08012571082458447
0.0035450000000000004,-0.11685426994545749
0.00355,-0.1527393099766118
0.0035550000000000004,-0.18768913099069562
0.0035600000000000002,-0.22161599216862224
0.0035650000000000005,-0.2544363098295277
0.0035700000000000003,-0.2860708407551942
0.0035750000000000005,-0.3164448504839911
0.0035800000000000003,-0.34548826629710144
0.003585,-0.3731358146678845
0.0035900000000000003,-0.399327142992842
0.003595,-0.42400692547072333
0.0036000000000000003,-0.44712495304361305
0.003605,-0.46863620736100503
0.0036100000000000004,-0.4885009187743965
0.003615,-0.506684608415831
0.0036200000000000004,-0.5231581144589104
0.003625,-0.5378976027049714
0.0036300000000000004,-0.5508845616803766
0.003635,-0.5621057824727578
0.0036400000000000004,-0.5715533235750025
0.0036450000000000002,-0.5792244610451635
0.0036500000000000005,-0.5851216243285116
0.0036550000000000003,-0.5892523181244846
0.0036600000000000005,-0.5916290307161721
0.0036650000000000003,-0.5922691292131966
0.00367,-0.5911947421903496
0.0036750000000000003,-0.5884326302339058
0.00368,-0.5840140449353953
0.0036850000000000003,-0.5779745768983453
0.00369,-0.5703539933473898
0.0036950000000000004,-0.5611960659509297
0.0037,-0.5505483894882884
0.0037050000000000004,-0.538462192009944
0.00371,-0.5249921371549907
0.0037150000000000004,-0.5101961193033743
0.00372,-0.49413505225176735
0.0037250000000000004,-0.4768726521110115
0.0037300000000000002,-0.4584752151301864
0.0037350000000000005,-0.43901139115711607
0.0037400000000000003,-0.41855195344797563
0.0037450000000000005,-0.39716956553930016
0.0037500000000000003,-0.37493854589432524
0.003755,-0.35193463103216077
0.0037600000000000003,-0.32823473784289753
0.003765,-0.30391672578440876
0.0037700000000000003,-0.27905915964723454
0.003775,-0.2537410735630306
0.0037800000000000004,-0.22804173691893967
0.003785,-0.2020404228257568
0.0037900000000000004,-0.17581617977139793
0.003795,-0.1494476070733147
0.0038000000000000004,-0.1230126347240692
0.0038050000000000002,-0.09658830820348907
0.0038100000000000005,-0.07025057880840317
0.0038150000000000002,-0.04407410002789528
0.0038200000000000005,-0.018132030466692116
0.0038250000000000003,0.0075041562058710525
0.0038300000000000005,0.03276485383111844
0.0038350000000000003,0.0575824984378913
0.0038400000000000005,0.08189173462698596
0.0038450000000000003,0.10562957329847698
0.00385,0.12873554038719454
0.0038550000000000004,0.15115181630214783
0.00386,0.1728233657966139
0.0038650000000000004,0.1936980580270693
0.00387,0.21372677659052355
0.0038750000000000004,0.2328635193617879
0.00388,0.2510654879839299
0.0038850000000000004,0.268293166897023
0.0038900000000000002,0.28451039182201393
0.0038950000000000005,0.29968440764804577
0.0039000000000000003,0.3137859157027801
0.0039050000000000005,0.3267891104162047
0.00391,0.3386717054186644
0.003915,0.34941494914387217
0.003920000000000001,0.35900363003680785
0.0039250000000000005,0.3674260714950091
0.00393,0.37467411669953427
0.003935,0.3807431035188508
0.00394,0.3856318296949496
0.003945000000000001,0.38934250854608843
0.00395,0.3918807154446379
0.003955,0.3932553253515165
0.00396,0.393478441710543
0.003965000000000001,0.39256531702675956
0.0039700000000000004,0.39053426547223846
0.003975,0.3874065678811038
0.00398,0.3832063695124297
0.003985000000000001,0.3779605709752739
0.0039900000000000005,0.37169871272435884
0.003995,0.36445285354777374
